{"count":1,"self":59.323411199999995,"total":59.9799678,"children":{"AgentResetIfDone":{"count":2803,"self":0.0576951,"total":0.0576951,"children":null},"AgentSendState":{"count":2803,"self":0.19075709999999999,"total":0.3036647,"children":{"CollectObservations":{"count":17952,"self":0.1129076,"total":0.1129076,"children":null}}},"DecideAction":{"count":2803,"self":0.064460599999999993,"total":0.064460599999999993,"children":null},"AcademyStep":{"count":2803,"self":0.0153488,"total":0.0153488,"children":null},"AgentAct":{"count":2803,"self":0.2136402,"total":0.2136402,"children":null}}}